rk,player,age,pos,war,w,l,w_l_percent,era,g,gs,gf,cg,sho,sv,ip,h,r,er,hr,bb,ibb,so,hbp,bk,wp,bf,era_plus,fip,whip,h9,hr9,bb9,so9,so_bb,awards,player_additional,player_type,raa,waa,value_war,rar,ra9,ra9opp,ra9avg
1,Sandy Alcantara,30,SP,2.7,13,6,0.684,3.52,25,25,0,1,1,0,163.2,150,69,64,17,42,0,128,7,2,1,674,114,3.77,1.173,8.2,0.9,2.3,7,3.05,,alcansa01,Pitcher,13,1.3,2.7,28,3.79,4.48,4.48
2,Max Meyer,27,SP,2.8,9,1,0.9,2.68,20,20,0,0,0,0,111,85,39,33,11,41,0,121,7,0,5,462,150,3.49,1.135,6.9,0.9,3.3,9.8,2.95,AS,meyerma01,Pitcher,17,1.9,2.8,27,3.16,4.64,4.54
3,Eury Pérez,23,SP,1.5,5,9,0.357,3.61,20,20,0,0,0,0,109.2,82,49,44,13,42,0,121,8,1,3,447,111,3.79,1.131,6.7,1.1,3.4,9.9,2.88,,perezeu02,Pitcher,6,0.6,1.5,16,4.02,4.5,4.47
4,Janson Junk,30,SP,0.1,5,7,0.417,4.63,16,16,0,0,0,0,81.2,88,46,42,12,23,0,62,1,0,1,350,87,4.36,1.359,9.7,1.3,2.5,6.8,2.7,,junkja01,Pitcher,-5,-0.6,0.1,2,5.07,4.61,4.47
5,Ryan Gusto,27,SP,0.1,0,3,0,4.78,15,10,2,0,0,0,49,51,27,26,6,14,0,43,2,0,0,216,84,3.9,1.327,9.4,1.1,2.6,7.9,3.07,,gustory01,Pitcher,-3,-0.3,0.1,2,4.96,4.57,4.43
6,Pete Fairbanks,32,CL,-1.1,3,4,0.429,6.19,39,1,32,0,0,17,36.1,33,28,25,8,16,1,50,3,0,3,160,65,4.77,1.349,8.2,2,4,12.4,3.13,,fairbpe01,Pitcher,-11,-1.1,-1.1,-8,6.94,4.64,4.22
7,Lake Bachar,31,RP,0.5,1,2,0.333,3.84,38,4,11,0,0,2,58.2,43,27,25,9,21,0,61,4,0,2,242,105,4.28,1.091,6.6,1.4,3.2,9.4,2.9,,bachala01,Pitcher,1,0.1,0.5,7,4.14,4.66,4.33
8,Calvin Faucher,30,RP,-0.3,5,5,0.5,4.35,50,0,10,0,0,1,49.2,43,29,24,1,31,1,56,3,0,5,221,92,3.15,1.49,7.8,0.2,5.6,10.1,1.81,,fauchca01,Pitcher,-5,-0.6,-0.3,-1,5.26,4.68,4.26
9,Michael Petersen,32,RP,0.8,2,2,0.5,2.98,47,0,4,0,0,1,48.1,30,18,16,4,22,1,58,2,0,1,195,135,3.25,1.076,5.6,0.7,4.1,10.8,2.64,,petermi01,Pitcher,4,0.4,0.8,8,3.35,4.66,4.08
10,John King,31,RP,0.7,6,2,0.75,3.06,47,1,12,0,0,1,47,28,18,16,6,13,1,33,4,0,0,180,131,4.43,0.872,5.4,1.1,2.5,6.3,2.54,,kingjo01,Pitcher,4,0.4,0.7,8,3.45,4.59,4.12
11,Tyler Phillips,28,,1.3,3,5,0.375,3.47,29,13,8,0,0,2,93.1,88,39,36,12,39,0,70,3,0,4,401,115,4.61,1.361,8.5,1.2,3.8,6.8,1.79,,phillty01,Pitcher,5,0.5,1.3,14,3.76,4.59,4.25
12,Anthony Bender,31,,0.9,1,1,0.5,2.62,35,0,6,0,0,2,34.1,21,10,10,1,12,1,41,3,0,3,140,154,2.39,0.961,5.5,0.3,3.1,10.7,3.42,,bendean01,Pitcher,5,0.6,0.9,9,2.62,4.73,4.03
13,Cade Gibson,28,,-0.5,2,0,1,5.52,27,0,7,0,0,0,31,33,22,19,2,14,1,26,5,1,0,142,73,4.09,1.516,9.6,0.6,4.1,7.5,1.86,,gibsoca01,Pitcher,-7,-0.8,-0.5,-5,6.39,4.48,4.22
14,Chris Paddack,30,,-0.8,0,5,0,7.63,7,6,0,0,0,0,30.2,41,27,26,6,10,0,27,1,0,2,146,53,4.95,1.663,12,1.8,2.9,7.9,2.7,,paddach01,Pitcher,-12,-1.1,-0.8,-9,7.92,4.69,4.49
15,Andrew Nardi (60-day IL),27,,-0.2,3,3,0.5,5.16,25,0,4,0,0,0,22.2,21,13,13,4,11,0,27,1,0,1,99,79,4.59,1.412,8.3,1.6,4.4,10.7,2.45,,nardian01,Pitcher,-3,-0.3,-0.2,-1,5.16,4.67,4.04
16,Tyler Zuber,31,,0,1,1,0.5,3.8,24,0,5,0,0,1,21.1,23,11,9,4,4,0,26,2,0,1,92,107,3.93,1.266,9.7,1.7,1.7,11,6.5,,zuberty01,Pitcher,-1,-0.2,0,1,4.64,4.57,4.04
17,Dax Fulton (40-man),24,,0,0,0,,4.5,6,0,4,0,0,0,14,9,7,7,0,10,0,12,0,0,1,57,91,3.52,1.357,5.8,0,6.4,7.7,1.2,,fultoda01,Pitcher,-1,-0.1,0,0,4.5,4.43,3.83
18,William Kempner,25,,0.2,1,0,1,2.92,9,0,3,0,0,0,12.1,8,4,4,1,4,0,14,2,0,0,50,141,3.33,0.973,5.8,0.7,2.9,10.2,3.5,,kempnwi01,Pitcher,1,0.1,0.2,2,2.92,4.44,3.88
19,Josh Ekness,24,,0,0,1,0,2,9,0,4,0,0,1,9,5,5,2,1,7,0,6,0,0,1,38,208,5.53,1.333,5,1,7,6,0.86,,eknesjo01,Pitcher,-1,-0.1,0,0,5,4.44,3.8
20,Robby Snelling (60-day IL),22,,0,0,1,0,5.4,1,1,0,0,0,0,5,5,3,3,1,4,0,2,0,0,0,22,80,7.29,1.8,9,1.8,7.2,3.6,0.5,,snellro01,Pitcher,0,0,0,0,5.4,5.19,4.78
21,Braxton Garrett,28,,-0.4,0,1,0,14.54,2,2,0,0,0,0,4.1,7,7,7,0,8,0,5,0,0,0,28,30,6.32,3.462,14.5,0,16.6,10.4,0.63,,garrebr01,Pitcher,-5,-0.4,-0.4,-4,14.54,4.92,4.79
22,Victor Vodnik,26,,0,0,0,,6.75,3,0,1,0,0,0,4,3,3,3,0,2,0,4,1,0,1,19,65,3.34,1.25,6.8,0,4.5,9,2,,vodnivi01,Pitcher,-1,-0.1,0,-1,6.75,4.93,4.34
23,Javier Sanoja,23,,0,0,0,,5.4,4,0,4,0,0,0,3.1,4,2,2,0,1,0,1,1,0,0,16,82,4.29,1.5,10.8,0,2.7,2.7,1,,sanojja01,Pitcher,0,0,0,0,5.4,4.56,4.52
24,Zach Brzykcy,26,,0.1,0,0,,3,2,0,1,0,0,0,3,3,1,1,0,2,0,2,0,0,0,12,150,3.75,1.667,9,0,6,6,1,,brzykza01,Pitcher,0,0.1,0.1,1,3,3.83,4.31
25,Josh White,25,,-0.2,0,0,,67.5,1,0,0,0,0,0,0.2,1,5,5,1,4,0,1,1,0,0,8,9,42.09,7.5,13.5,13.5,54,13.5,0.25,,whitejo04,Pitcher,-5,-0.3,-0.2,-5,67.5,4.87,4.16
