rk,player,age,pos,war,g,pa,ab,r,h,x2b,x3b,hr,rbi,sb,cs,bb,so,ba,obp,slg,ops,ops_plus,r_oba,rbat,tb,gidp,hbp,sh,sf,ibb,pos_32,awards,player_additional,player_type
1,Joe Mack,23,C,1.4,72,229,209,31,49,7,0,11,34,0,0,14,58,0.234,0.289,0.426,0.715,99,0.309,95,89,6,2,4,0,0,2/H,,mackjo02,Hitter
2,Kyle Stowers,28,1B,1.2,94,399,351,44,85,21,4,16,52,1,1,38,125,0.242,0.327,0.462,0.788,120,0.343,120,162,8,7,1,2,2,379/DH,,stoweky01,Hitter
3,Xavier Edwards,26,2B,2.9,119,498,433,55,123,16,6,6,44,18,5,58,66,0.284,0.365,0.39,0.755,114,0.34,115,169,11,0,2,5,4,*4/DH,,edwarxa01,Hitter
4,Otto Lopez,27,SS,5.4,115,499,462,72,147,29,7,9,53,23,4,24,66,0.318,0.351,0.47,0.82,130,0.372,136,217,8,4,0,9,0,*6/DH,AS,lopezot01,Hitter
5,Javier Sanoja,23,3B,0.9,101,318,299,29,82,25,2,4,42,6,4,17,25,0.274,0.312,0.411,0.724,103,0.325,108,123,3,0,1,1,0,*597/6H418,,sanojja01,Hitter
6,Heriberto Hernández,26,LF,1.4,88,316,286,31,65,13,1,16,44,8,3,28,86,0.227,0.297,0.448,0.745,107,0.333,111,128,2,1,0,1,1,*7H/9D,,hernahe01,Hitter
7,Jakob Marsee,25,CF,-0.1,114,451,378,57,78,14,4,6,28,19,12,58,98,0.206,0.325,0.312,0.637,82,0.296,88,118,3,9,5,1,0,*8/HD,,marseja01,Hitter
8,Owen Caissie,23,RF,0,86,269,238,35,55,12,0,12,51,4,1,21,102,0.231,0.294,0.433,0.726,102,0.32,102,103,3,3,0,7,0,9D/H,,caissow01,Hitter
9,Liam Hicks,27,DH,2.5,101,409,354,54,100,9,1,14,62,3,0,40,39,0.282,0.363,0.432,0.795,124,0.357,128,153,5,8,1,6,1,D23H,,hicksli01,Hitter
10,Connor Norby,26,1B,-0.2,65,233,200,17,41,12,0,4,16,6,3,24,70,0.205,0.313,0.325,0.638,81,0.295,85,65,5,8,0,1,0,35D/H,,norbyco01,Hitter
11,Griffin Conine,28,RF,1.3,52,166,147,23,39,5,0,12,26,2,0,17,52,0.265,0.349,0.544,0.894,148,0.385,148,80,1,2,0,0,0,97HD/3,,coningr01,Hitter
12,Leo Jiménez,25,3B,-0.5,53,155,135,15,29,4,0,2,13,1,0,13,29,0.215,0.31,0.289,0.599,71,0.279,73,39,6,6,0,1,0,5H/D436,,jimenle01,Hitter
13,Esteury Ruiz,27,OF,1.1,75,154,126,30,33,10,1,5,10,27,3,18,45,0.262,0.382,0.476,0.858,141,0.406,142,60,0,7,1,1,0,9H78/D,,ruizes01,Hitter
14,Agustín Ramírez,24,C,-0.3,36,140,122,15,29,5,1,2,14,3,1,15,32,0.238,0.329,0.344,0.673,91,0.301,88,42,5,2,0,1,1,2D/H,,ramirag01,Hitter
15,Graham Pauley (40-man),25,3B,-0.5,41,106,100,9,19,8,0,1,12,1,1,5,25,0.19,0.229,0.3,0.529,48,0.23,40,30,3,0,1,0,0,5/3H,,paulegr01,Hitter
16,Christopher Morel,27,1B,-0.6,22,73,68,3,11,3,0,0,1,1,0,4,28,0.162,0.219,0.206,0.425,22,0.199,14,14,0,1,0,0,0,3/DH,,morelch01,Hitter
17,Austin Slater,33,RF,0,12,28,23,1,4,0,0,0,1,1,0,4,9,0.174,0.286,0.174,0.46,35,0.234,35,4,0,0,0,1,0,/9H,,slateau01,Hitter
18,Brian Navarreto,31,C,0.2,10,23,18,3,2,1,0,0,0,0,0,1,7,0.111,0.238,0.167,0.405,18,0.205,13,3,0,2,2,0,0,2/H,,navarbr01,Hitter
19,Deyvison De Los Santos,23,1B,0,3,7,7,0,2,1,0,0,0,0,0,0,3,0.286,0.286,0.429,0.714,99,0.293,84,3,0,0,0,0,0,/3D,,delosde01,Hitter
20,Rece Hinds,25,DH,-0.1,1,2,2,0,0,0,0,0,0,0,0,0,1,0,0,0,0,-100,0,-126,0,0,0,0,0,0,/D,,hindsre01,Hitter
21,William Kempner,25,P,0,1,0,0,0,0,0,0,0,0,0,0,0,0,,,,,,,,0,0,0,0,0,0,/1,,kempnwi01,Hitter
22,Pete Fairbanks,32,P,0,1,0,0,0,0,0,0,0,0,0,0,0,0,,,,,,,,0,0,0,0,0,0,1,,fairbpe01,Hitter
23,Cade Gibson,28,P,0,2,0,0,0,0,0,0,0,0,0,0,0,0,,,,,,,,0,0,0,0,0,0,1,,gibsoca01,Hitter
